{"cameraMode":{"drawMode":0,"name":"Shaded","section":"Shading Mode"},"sceneLighting":true,"audioPlay":false,"sceneViewState":{"m_AlwaysRefresh":false,"showFog":true,"showSkybox":true,"showFlares":true,"showImageEffects":true,"showParticleSystems":true,"showVisualEffectGraphs":true,"m_FxEnabled":true},"in2DMode":false,"pivot":{"x":0.7509670257568359,"y":3.3671984672546388,"z":-7.267012119293213},"rotation":{"x":0.202898770570755,"y":0.007651807740330696,"z":-0.0015742090763524175,"w":0.9792276620864868},"size":0.573419451713562,"orthographic":false}