{"cameraMode":{"drawMode":0,"name":"Shaded","section":"Shading Mode"},"sceneLighting":false,"audioPlay":false,"sceneViewState":{"m_AlwaysRefresh":false,"showFog":true,"showSkybox":false,"showFlares":true,"showImageEffects":true,"showParticleSystems":true,"showVisualEffectGraphs":true,"m_FxEnabled":true},"in2DMode":false,"pivot":{"x":1.9625147581100464,"y":1.291917324066162,"z":-0.48397397994995119},"rotation":{"x":-0.16492173075675965,"y":-0.24942003190517426,"z":0.04318882152438164,"w":-0.9533211588859558},"size":2.436406135559082,"orthographic":false}